﻿<parameters>
  <parameter name="IIS Web Application Name" defaultValue="www.atpdruzyna.somee.com" tags="IisApp">
    <parameterEntry kind="ProviderPath" scope="IisApp" match="^C:\\Users\\Michał\\Documents\\Visual\ Studio\ 2010\\Projects\\AsystentTrenera2\.0\\AsystentTrenera2\.0\\obj\\Release\\Package\\PackageTmp$" />
    <parameterEntry kind="ProviderPath" scope="setAcl" match="^C:\\Users\\Michał\\Documents\\Visual\ Studio\ 2010\\Projects\\AsystentTrenera2\.0\\AsystentTrenera2\.0\\obj\\Release\\Package\\PackageTmp$" />
  </parameter>
  <parameter name="AsystentTrenera2.Models.AsystentTrenera2Context-Web.config Connection String" defaultValue="AsystentTrenera2.Models.AsystentTrenera2Context_ConnectionString">
    <parameterEntry kind="XmlFile" scope="C:\\Users\\Michał\\Documents\\Visual\ Studio\ 2010\\Projects\\AsystentTrenera2\.0\\AsystentTrenera2\.0\\obj\\Release\\Package\\PackageTmp\\Web\.config$" match="/configuration/connectionStrings/add[@name='AsystentTrenera2.Models.AsystentTrenera2Context']/@connectionString" />
  </parameter>
  <parameter name="ApplicationServices-Web.config Connection String" description="ApplicationServices Connection String used in web.config by the application to access the database." defaultValue="data source=.\SQLEXPRESS;Integrated Security=SSPI;AttachDBFilename=|DataDirectory|aspnetdb.mdf;User Instance=true" tags="SqlConnectionString">
    <parameterEntry kind="XmlFile" scope="C:\\Users\\Michał\\Documents\\Visual\ Studio\ 2010\\Projects\\AsystentTrenera2\.0\\AsystentTrenera2\.0\\obj\\Release\\Package\\PackageTmp\\Web\.config$" match="/configuration/connectionStrings/add[@name='ApplicationServices']/@connectionString" />
  </parameter>
  <parameter name="DbAsystent-Web.config Connection String" description="DbAsystent Connection String used in web.config by the application to access the database." defaultValue="data source=.\SQLEXPRESS;Integrated Security=SSPI; initial catalog=DbAsystent" tags="SqlConnectionString">
    <parameterEntry kind="XmlFile" scope="C:\\Users\\Michał\\Documents\\Visual\ Studio\ 2010\\Projects\\AsystentTrenera2\.0\\AsystentTrenera2\.0\\obj\\Release\\Package\\PackageTmp\\Web\.config$" match="/configuration/connectionStrings/add[@name='DbAsystent']/@connectionString" />
  </parameter>
</parameters>